aaronha01,2/5/1934,Mobile AL,USA,,,,Hank,Aaron,180,72,R,R,4/13/1954,10/3/1976
agganha01,4/20/1929,Lynn MA,USA,6/27/1955,Cambridge MA,USA,Harry,Agganis,200,74,L,L,4/13/1954,6/2/1955
alliega01,10/28/1931,Statesville NC,USA,,,,Gair,Allie,190,73,R,R,4/13/1954,9/26/1954
alstoto01,1/31/1926,Greensboro NC,USA,12/30/1993,Winston-Salem NC,USA,Tom,Alston,210,77,L,R,4/13/1954,9/29/1957
bollifr01,11/16/1931,Mobile AL,USA,,,,Frank,Bolling,175,73,R,R,4/13/1954,9/15/1966
cronera01,8/7/1931,Memphis TN,USA,,,,Ray,Crone,185,74,R,R,4/13/1954,7/14/1958
grammal01,4/3/1926,Birmingham AL,USA,,,,Alex,Grammas,178,72,R,R,4/13/1954,9/29/1963
henlega01,10/15/1928,Wichita KS,USA,,,,Gail,Henley,180,69,L,R,4/13/1954,5/6/1954
herrito01,9/12/1929,Shreveport LA,USA,11/29/1999,Homer LA,USA,Tom,Herrin,190,75,R,R,4/13/1954,6/20/1954
jacobsp01,11/4/1925,Cheswold DE,USA,,,,Spook,Jacobs,155,,R,R,4/13/1954,7/3/1956
jokst01,5/3/1926,Buffalo NY,USA,3/6/1972,Buffalo NY,USA,Stan,Jok,190,72,R,R,4/13/1954,5/8/1955
lintro01,1/1/1921,Birmingham AL,USA,4/3/2006,Portland OR,USA,Royce,Lint,165,73,L,L,4/13/1954,8/29/1954
moonwa01,4/3/1930,Bay AR,USA,,,,Wally,Moon,175,72,L,R,4/13/1954,9/12/1965
powervi01,11/1/1927,Arecibo ,P.R.,11/29/2005,Bayamon ,P.R.,Vic,Power,195,71,R,R,4/13/1954,10/3/1965
queenbi01,11/28/1928,Gastonia NC,USA,4/23/2006,Gastonia NC,USA,Billy,Queen,185,73,R,R,4/13/1954,4/25/1954
regalru01,5/21/1930,Los Angeles CA,USA,,,,Rudy,Regalado,185,73,R,R,4/13/1954,6/1/1956
robercu01,8/16/1929,Pineland TX,USA,11/14/1969,Oakland CA,USA,Curt,Roberts,165,68,R,R,4/13/1954,6/8/1956
roberdo01,10/15/1930,Harvey IL,USA,,,,Don,Robertson,180,70,L,L,4/13/1954,5/23/1954
schelda01,12/26/1927,Fostoria MI,USA,5/11/1972,Mayville MI,USA,Danny,Schell,195,73,R,R,4/13/1954,4/22/1955
shantbi01,7/31/1927,Pottstown PA,USA,12/13/1993,Lauderhill FL,USA,Billy,Shantz,160,73,R,R,4/13/1954,6/29/1960
skinnbo01,10/3/1931,LaJolla CA,USA,,,,Bob,Skinner,190,76,L,R,4/13/1954,9/24/1966
skowrbi01,12/18/1930,Chicago IL,USA,,,,Bill,Skowron,195,71,R,R,4/13/1954,10/1/1967
uptonbi01,6/18/1929,Esther MO,USA,1/2/1987,San Diego CA,USA,Bill,Upton,167,72,R,R,4/13/1954,5/3/1954
vanbroz01,9/28/1926,Kingsville ON,CAN,,,,Ozzie,Van Brabant,165,73,R,R,4/13/1954,4/23/1955
flanito01,9/6/1934,Cincinnati OH,USA,,,,Tom,Flanigan,175,75,R,L,4/14/1954,4/15/1958
gentrha01,5/27/1926,Winston-Salem NC,USA,,,,Harvey,Gentry,170,72,L,R,4/14/1954,4/27/1954
purkebo01,7/14/1929,Pittsburgh PA,USA,,,,Bob,Purkey,195,74,R,R,4/14/1954,7/26/1966
taylobi03,12/30/1929,Alhambra CA,USA,,,,Bill,Taylor,212,75,L,R,4/14/1954,5/8/1958
brosnji01,10/24/1929,Cincinnati OH,USA,,,,Jim,Brosnan,210,76,R,R,4/15/1954,9/21/1963
kingne01,3/15/1928,Shenandoah PA,USA,,,,Nellie,King,185,78,R,R,4/15/1954,9/15/1957
lynchje01,7/17/1930,Munger MI,USA,,,,Jerry,Lynch,189,73,L,R,4/15/1954,10/2/1966
pascuca02,1/20/1934,Havana ,Cuba,,,,Camilo,Pascual,185,71,R,R,4/15/1954,5/5/1971
roberji02,1/29/1928,Chicago IL,USA,,,,Jim,Robertson,183,69,R,R,4/15/1954,5/10/1955
samforo01,2/28/1930,Dallas TX,USA,,,,Ron,Samford,156,71,R,R,4/15/1954,9/23/1959
burgeto01,9/1/1927,London ON,CAN,,,,Tom,Burgess,180,72,L,L,4/17/1954,9/29/1962
escalni01,12/1/1929,Santurce ,P.R.,,,,Nino,Escalera,165,70,L,R,4/17/1954,9/25/1954
fowlear01,7/3/1922,Converse SC,USA,1/29/2007,Spartanburg SC,USA,Art,Fowler,180,71,R,R,4/17/1954,5/4/1964
harmoch01,4/23/1924,Washington IN,USA,,,,Chuck,Harmon,175,74,R,R,4/17/1954,9/15/1957
mossido01,1/11/1929,St. Helena CA,USA,,,,Don,Mossi,195,73,L,L,4/17/1954,10/1/1965
narlera01,11/25/1928,Camden NJ,USA,,,,Ray,Narleski,175,73,R,R,4/17/1954,9/26/1959
santijo01,9/4/1928,Coamo ,P.R.,,,,Jose,Santiago,175,70,R,R,4/17/1954,7/15/1956
valenco01,1/4/1929,Troy OH,USA,1/21/2005,Roswell GA,USA,Corky,Valentine,203,73,R,R,4/17/1954,5/29/1955
wrighme01,5/11/1928,Manila AR,USA,5/16/1983,Houston TX,USA,Mel,Wright,210,75,R,R,4/17/1954,7/18/1961
breweto01,9/3/1931,Wadesboro NC,USA,,,,Tom,Brewer,175,73,R,R,4/18/1954,9/27/1961
clevete01,7/9/1932,Visalia CA,USA,,,,Tex,Clevenger,180,73,R,R,4/18/1954,9/30/1962
davisji01,9/15/1924,Red Bluff CA,USA,11/30/1995,San Mateo CA,USA,Jim,Davis,180,72,B,L,4/18/1954,7/7/1957
grimbo01,3/8/1930,New York NY,USA,10/23/1996,Shawnee KS,USA,Bob,Grim,185,73,R,R,4/18/1954,5/24/1962
hallbi02,7/30/1928,Moultrie GA,USA,1/1/1986,Moultrie GA,USA,Bill,Hall,165,71,L,R,4/18/1954,9/26/1958
hoakdo01,2/5/1928,Roulette PA,USA,10/9/1969,Pittsburgh PA,USA,Don,Hoak,175,72,R,R,4/18/1954,5/12/1964
odonnge01,5/27/1929,Winchester IL,USA,,,,George,O'Donnell,175,75,R,R,4/18/1954,7/25/1954
portoar01,7/5/1931,New York NY,USA,6/21/1986,Kansas City KS,USA,Arnie,Portocarrero,196,75,R,R,4/18/1954,6/15/1960
whitech02,8/12/1928,Kinston NC,USA,5/26/1998,Seatac WA,USA,Charlie,White,192,71,L,R,4/18/1954,5/29/1955
ditmaar01,4/3/1929,Winthrop MA,USA,,,,Art,Ditmar,196,74,R,R,4/19/1954,5/19/1962
luname01,6/25/1930,Tacubaya 9,Mexico,,,,Memo,Luna,168,72,L,L,4/20/1954,4/20/1954
micelmi01,10/20/1928,Corona NY,USA,,,,Mickey,Micelotta,185,71,R,R,4/20/1954,8/2/1955
greenbo01,3/13/1928,Cananea 26,Mexico,9/1/1994,Hayward CA,USA,Bob,Greenwood,200,77,R,R,4/21/1954,4/21/1955
kitsoch01,2/11/1928,New York NY,USA,6/7/2004,Mobile AL,USA,Chris,Kitsos,165,69,B,R,4/21/1954,4/21/1954
pensopa01,7/12/1931,Kansas City KS,USA,5/3/2006,Merriam KS,USA,Paul,Penson,185,73,R,R,4/21/1954,5/30/1954
wheatle01,9/15/1929,Edwardsville IL,USA,,,,Lee,Wheat,200,76,R,R,4/21/1954,4/23/1955
gardnbi02,7/19/1927,Waterford CT,USA,,,,Billy,Gardner,180,72,R,R,4/22/1954,9/11/1963
savramo01,1/13/1929,Cleveland OH,USA,,,,Moe,Savransky,175,71,L,L,4/23/1954,9/5/1954
garcich01,12/24/1924,Veracruz 30,Mexico,,,,Chico,Garcia,170,68,R,R,4/24/1954,9/20/1954
heardja01,1/17/1920,Athens GA,USA,11/18/1999,Birmingham AL,USA,Jay,Heard,155,67,L,L,4/24/1954,5/28/1954
pyechjo01,11/25/1931,Aliquippa PA,USA,,,,John,Pyecha,200,77,R,R,4/24/1954,4/24/1954
tappeel01,5/21/1927,Quincy IL,USA,10/10/1998,Quincy IL,USA,El,Tappe,180,71,R,R,4/24/1954,7/17/1962
thiesja01,4/1/1926,St. Louis MO,USA,,,,Jake,Thies,170,71,R,R,4/24/1954,4/17/1955
finigji01,8/19/1928,Quincy IL,USA,5/16/1981,Quincy IL,USA,Jim,Finigan,175,71,R,R,4/25/1954,7/5/1959
thompti01,3/1/1924,Coalport PA,USA,,,,Tim,Thompson,190,71,L,R,4/28/1954,4/27/1958
lejafr01,2/7/1936,Holyoke MA,USA,5/3/1991,Boston MA,USA,Frank,Leja,205,76,L,L,5/1/1954,4/29/1962
zickbo01,4/26/1927,Chicago IL,USA,,,,Bob,Zick,168,72,L,R,5/2/1954,9/6/1954
amalfjo01,1/23/1934,San Pedro CA,USA,,,,Joey,Amalfitano,180,71,R,R,5/3/1954,6/27/1967
gorinch01,2/6/1928,Waco TX,USA,,,,Charlie,Gorin,165,70,L,L,5/29/1954,4/17/1955
greasbi01,9/3/1924,Atlanta GA,USA,,,,Bill,Greason,170,70,R,R,5/31/1954,6/20/1954
rombedu01,5/26/1927,Klingerstown PA,USA,5/26/1983,Weikert PA,USA,Dutch,Romberger,185,72,R,R,5/31/1954,8/1/1954
tremebi01,7/4/1929,Lilly PA,USA,,,,Bill,Tremel,180,71,R,R,6/12/1954,4/27/1956
murphdi01,10/25/1931,Cincinnati OH,USA,,,,Dick,Murphy,170,71,L,L,6/13/1954,9/13/1954
jacksro01,10/22/1933,Kalamazoo MI,USA,,,,Ron,Jackson,225,79,R,R,6/15/1954,5/15/1960
commaji01,10/15/1928,Grand Rapids MI,USA,,,,Jim,Command,200,74,L,R,6/20/1954,9/20/1955
mroziro01,9/16/1930,White Haven PA,USA,10/19/2005,Washington NJ,USA,Ron,Mrozinski,160,71,R,L,6/20/1954,9/9/1955
odellbi01,2/10/1932,Whitmire SC,USA,,,,Billy,O'Dell,170,71,B,L,6/20/1954,9/12/1967
valenvi01,9/16/1928,West New York NJ,USA,,,,Vito,Valentinetti,195,72,R,R,6/20/1954,5/11/1959
killeha01,6/29/1936,Payette ID,USA,,,,Harmon,Killebrew,213,71,R,R,6/23/1954,9/26/1975
lawrebr01,1/30/1925,Springfield OH,USA,4/27/2000,Springfield OH,USA,Brooks,Lawrence,205,72,R,R,6/24/1954,5/1/1960
kemmeru01,11/1/1931,Pittsburgh PA,USA,,,,Russ,Kemmerer,200,75,R,R,6/27/1954,6/23/1963
beardra01,2/11/1929,Cincinnati OH,USA,2/10/2003,West Palm Beach FL,USA,Ralph,Beard,200,77,R,R,6/29/1954,9/9/1954
morynwa01,4/12/1926,St. Paul MN,USA,7/21/1996,Winfield IL,USA,Walt,Moryn,205,74,L,R,6/29/1954,9/28/1961
cunnijo01,8/27/1931,Paterson NJ,USA,,,,Joe,Cunningham,190,73,L,L,6/30/1954,4/17/1966
monzara01,1/4/1933,Maracaibo ,Venezuela,8/10/2001,Maracaibo ,Venezuela,Ramon,Monzant,165,72,R,R,7/2/1954,4/25/1960
wojeype01,12/1/1919,Stowe PA,USA,4/23/1991,Mobile AL,USA,Pete,Wojey,185,71,R,R,7/2/1954,4/25/1957
zimmedo01,1/17/1931,Cincinnati OH,USA,,,,Don,Zimmer,177,69,R,R,7/2/1954,10/2/1965
peppela01,1/18/1931,Vaughan MS,USA,,,,Laurin,Pepper,190,71,R,R,7/4/1954,6/6/1957
raethha01,10/10/1932,Lake Mills WI,USA,,,,Hal,Raether,185,73,R,R,7/4/1954,5/19/1957
gielpa01,2/29/1932,Winona MN,USA,5/22/2002,Minneapolis MN,USA,Paul,Giel,185,71,R,R,7/10/1954,6/2/1961
grayjo01,12/11/1926,West Palm Beach FL,USA,,,,Johnny,Gray,226,76,R,R,7/18/1954,7/16/1958
strahdi01,12/4/1923,Evanston IL,USA,5/26/1988,Las Vegas NV,USA,Dick,Strahs,192,72,L,R,7/24/1954,9/6/1954
hurdto01,5/27/1924,Danville VA,USA,9/5/1982,Waterloo IA,USA,Tom,Hurd,155,69,R,R,7/30/1954,9/29/1956
castlfo01,1/1/1931,Nashville TN,USA,,,,Foster,Castleman,175,72,R,R,8/4/1954,9/28/1958
lasorto01,9/22/1927,Norristown PA,USA,,,,Tommy,Lasorda,175,70,L,L,8/5/1954,7/8/1956
jonesgo01,4/2/1930,Portland OR,USA,4/25/1994,Lodi CA,USA,Gordon,Jones,190,72,R,R,8/6/1954,9/11/1965
darnebo01,11/6/1930,Wewoka OK,USA,1/3/1995,Fredersburg TX,USA,Bob,Darnell,175,70,R,R,8/10/1954,4/29/1956
morgave01,8/8/1928,Emporia VA,USA,11/8/1975,Minneapolis MN,USA,Vern,Morgan,190,73,L,R,8/10/1954,5/1/1955
osterbi01,1/2/1933,New York NY,USA,,,,Bill,Oster,198,75,L,L,8/23/1954,9/25/1954
taylojo01,3/2/1926,Chapman AL,USA,3/18/1993,Pittsburgh PA,USA,Joe,Taylor,185,73,R,R,8/26/1954,7/21/1959
kingch01,11/10/1930,Paris TN,USA,,,,Chick,King,190,74,R,R,8/27/1954,5/30/1959
dietzro01,1/9/1931,Baltimore MD,USA,,,,Roy,Dietzel,190,72,R,R,9/2/1954,9/24/1954
heldwo01,3/25/1932,Sacramento CA,USA,,,,Woodie,Held,180,71,R,R,9/5/1954,9/28/1969
korchst01,8/11/1932,McClellandtown PA,USA,,,,Steve,Korcheck,205,73,R,R,9/6/1954,9/27/1959
laryal01,9/26/1928,Northport AL,USA,7/10/2001,Northport AL,USA,Al,Lary,185,75,R,R,9/6/1954,9/15/1962
paulaca01,11/28/1927,Havana ,Cuba,4/25/1983,Miami FL,USA,Carlos,Paula,195,75,R,R,9/6/1954,6/23/1956
rodiner01,2/5/1930,Orange NJ,USA,1/4/1991,Somerville NJ,USA,Eric,Rodin,215,74,R,R,9/7/1954,9/24/1954
lennobo01,9/15/1928,Brooklyn NY,USA,6/14/2005,Dix Hills NY,USA,Bob,Lennon,200,72,L,L,9/9/1954,5/11/1957
durhajo02,7/31/1931,Newport News VA,USA,,,,Joe,Durham,186,73,R,R,9/10/1954,5/6/1959
fanniji01,9/14/1927,Chicago IL,USA,,,,Jim,Fanning,180,71,R,R,9/11/1954,9/29/1957
rosscl01,8/3/1928,Philadelphia PA,USA,4/12/1999,Philadelphia PA,USA,Cliff,Ross,195,76,L,L,9/11/1954,9/20/1954
laryfr01,4/10/1930,Northport AL,USA,,,,Frank,Lary,180,71,R,R,9/14/1954,9/21/1965
berbelo01,11/20/1929,Long Beach CA,USA,4/6/2004,Las Vegas NV,USA,Lou,Berberet,212,71,L,R,9/17/1954,9/25/1960
bullage01,10/24/1928,Lynn MA,USA,12/23/2002,Lynn MA,USA,George,Bullard,165,,R,R,9/17/1954,9/25/1954
mortogu02,11/4/1930,Tuscaloosa AL,USA,,,,Guy,Morton,200,74,R,R,9/17/1954,9/17/1954
spoonka01,6/23/1931,Oriskany Falls NY,USA,4/10/1984,Vero Beach FL,USA,Karl,Spooner,185,72,R,L,9/22/1954,9/17/1955
durenry01,2/22/1929,Cazenovia WI,USA,,,,Ryne,Duren,195,73,R,R,9/25/1954,8/18/1965
streuwa01,9/26/1935,Memphis TN,USA,,,,Walt,Streuli,195,74,R,R,9/25/1954,5/1/1956
alexabo01,8/7/1922,Vancouver BC,CAN,4/7/1993,Oceanside CA,USA,Bob,Alexander,205,,R,R,4/11/1955,9/22/1957
ferrado01,6/19/1929,Oakland CA,USA,,,,Don,Ferrarese,170,69,R,L,4/11/1955,9/22/1962
gorbogl01,7/8/1930,Drumheller AB,CAN,6/12/1990,Calgary AB,CAN,Glen,Gorbous,175,74,L,R,4/11/1955,5/5/1957
klinebo02,1/27/1929,St. Petersburg FL,USA,,,,Bobby,Kline,179,72,R,R,4/11/1955,9/25/1955
leppedo01,11/20/1930,Memphis TN,USA,,,,Don,Leppert,175,68,L,R,4/11/1955,9/25/1955
minarru01,3/25/1930,North Vandergrift PA,USA,,,,Rudy,Minarcin,195,72,R,R,4/11/1955,9/27/1957
oraveer01,1/24/1932,Johnstown PA,USA,12/3/2006,Tampa FL,USA,Ernie,Oravetz,145,64,B,L,4/11/1955,9/30/1956
ramospe01,4/28/1935,Pinar Del Rio ,Cuba,,,,Pedro,Ramos,185,72,B,R,4/11/1955,4/25/1970
smithha08,12/7/1930,West Frankfort IL,USA,,,,Hal,Smith,195,72,R,R,4/11/1955,7/22/1964
wadega01,1/20/1929,Hollister MO,USA,,,,Gale,Wade,185,,L,R,4/11/1955,5/8/1956
boyerke01,5/20/1931,Liberty MO,USA,9/7/1982,St.Louis MO,USA,Ken,Boyer,200,74,R,R,4/12/1955,8/9/1969
fletcva01,8/6/1924,East Bend NC,USA,,,,Van,Fletcher,185,74,R,R,4/12/1955,5/30/1955
malmbha01,7/31/1925,Fairfield AL,USA,10/29/1976,San Francisco CA,USA,Harry,Malmberg,170,73,R,R,4/12/1955,9/11/1955
moforhe01,8/6/1928,Brooksville KY,USA,12/3/2005,Cincinnati OH,USA,Herb,Moford,175,73,R,R,4/12/1955,4/29/1962
schulba01,8/15/1926,Beverly NJ,USA,,,,Barney,Schultz,200,74,R,R,4/12/1955,9/6/1965
tannech01,7/4/1929,New Castle PA,USA,,,,Chuck,Tanner,185,72,L,L,4/12/1955,5/8/1962
virdobi01,6/9/1931,Hazel Park MI,USA,,,,Bill,Virdon,175,72,L,R,4/12/1955,7/31/1968
abernte02,3/6/1933,Stanley NC,USA,12/16/2004,Gastonia NC,USA,Ted,Abernathy,215,76,R,R,4/13/1955,9/30/1972
curribi01,11/29/1928,Leary GA,USA,,,,Bill,Currie,175,72,R,R,4/13/1955,4/30/1955
freesge02,1/8/1934,Wheeling WV,USA,,,,Gene,Freese,175,71,R,R,4/13/1955,9/3/1966
gonzavi01,9/28/1925,Quivican ,Cuba,3/11/1981,Ciudad Del Carmen 4,Mexico,Vince,Gonzales,165,73,L,L,4/13/1955,4/13/1955
mejiaro01,8/9/1930,Abreus ,Cuba,,,,Roman,Mejias,175,72,R,R,4/13/1955,10/4/1964
altobjo01,5/26/1932,Detroit MI,USA,,,,Joe,Altobelli,185,72,L,L,4/14/1955,10/1/1961
howarel01,2/23/1929,St. Louis MO,USA,12/14/1980,New York NY,USA,Elston,Howard,200,74,R,R,4/14/1955,9/29/1968
smithea03,3/14/1928,Sunnyside WA,USA,,,,Earl,Smith,185,72,R,R,4/14/1955,4/29/1955
stephbo01,8/11/1928,Blair OK,USA,,,,Bob,Stephenson,165,72,R,R,4/14/1955,9/18/1955
sturdto01,4/28/1930,Gordon KS,USA,,,,Tom,Sturdivant,186,73,L,R,4/14/1955,6/21/1964
thurmbo01,5/14/1917,Kellyville OK,USA,10/31/1998,Wichita KS,USA,Bob,Thurman,205,73,L,L,4/14/1955,4/21/1959
scorehe01,6/7/1933,Rosedale NY,USA,,,,Herb,Score,185,74,L,L,4/15/1955,5/4/1962
suscege02,9/13/1931,Pittsburgh PA,USA,,,,George,Susce,180,73,R,R,4/15/1955,5/6/1959
amorvi01,8/8/1932,Havana ,Cuba,,,,Vicente,Amor,182,75,R,R,4/16/1955,8/26/1957
andrejo01,1/3/1923,Brockton MA,USA,11/25/1976,Centerville MA,USA,John,Andre,200,76,L,R,4/16/1955,7/16/1955
bowmabo02,5/10/1931,Laytonville CA,USA,,,,Bob,Bowman,195,73,R,R,4/16/1955,9/18/1959
delisju01,2/20/1928,Santiago De Cuba ,Cuba,7/23/2003,Havana ,Cuba,Juan,Delis,170,71,R,R,4/16/1955,9/18/1955
fishema01,2/16/1931,Uniondale IN,USA,,,,Maurice,Fisher,210,77,R,R,4/16/1955,4/16/1955
meyerja01,3/23/1932,Philadelphia PA,USA,3/9/1967,Philadelphia PA,USA,Jack,Meyer,175,73,R,R,4/16/1955,4/30/1961
speakbo01,8/22/1930,Springfield MO,USA,,,,Bob,Speake,178,73,L,L,4/16/1955,6/8/1959
sprinja01,3/11/1933,Spokane WA,USA,,,,Jack,Spring,180,73,R,L,4/16/1955,8/1/1965
westlji01,7/3/1930,Sacramento CA,USA,1/3/2003,Sacramento CA,USA,Jim,Westlake,190,73,L,L,4/16/1955,4/16/1955
clemero01,8/18/1934,Carolina ,P.R.,12/31/1972,,in a plane crash at sea,Roberto,Clemente,175,71,R,R,4/17/1955,10/3/1972
cohenhy01,1/29/1931,Brooklyn NY,USA,,,,Hy,Cohen,220,77,R,R,4/17/1955,6/2/1955
jacksla01,6/2/1931,Nampa ID,USA,8/28/1990,Boise ID,USA,Larry,Jackson,190,74,R,R,4/17/1955,9/27/1968
kingji01,8/27/1932,Elkins AR,USA,,,,Jim,King,185,72,L,R,4/17/1955,9/24/1967
kucksjo01,7/27/1933,Hoboken NJ,USA,,,,Johnny,Kucks,184,75,R,R,4/17/1955,9/25/1960
pyburji01,11/1/1932,Fairfield AL,USA,,,,Jim,Pyburn,190,72,R,R,4/17/1955,6/16/1957
spicebo01,4/11/1925,Richmond VA,USA,,,,Bob,Spicer,173,70,L,R,4/17/1955,9/22/1956
stewabi01,4/15/1928,Bay City MI,USA,,,,Bill,Stewart,200,71,R,R,4/17/1955,9/25/1955
thorpbo02,1/12/1935,San Diego CA,USA,3/17/1960,San Diego CA,USA,Bob,Thorpe,170,73,R,R,4/17/1955,4/20/1955
vargaro01,5/29/1929,Santurce ,P.R.,,,,Roberto,Vargas,170,71,L,L,4/17/1955,9/25/1955
grunwal01,2/13/1930,Los Angeles CA,USA,,,,Al,Grunwald,210,76,L,L,4/18/1955,9/25/1959
lovenly01,11/29/1922,Camden NY,USA,9/29/2000,Beaverton OH,USA,Lynn,Lovenguth,170,,L,R,4/18/1955,9/27/1957
roebued01,7/3/1931,East Millsboro PA,USA,,,,Ed,Roebuck,185,74,R,R,4/18/1955,7/7/1966
owensji01,1/16/1934,Gifford PA,USA,,,,Jim,Owens,190,71,R,R,4/19/1955,6/20/1967
arroylu01,2/18/1927,Penuelas ,P.R.,,,,Luis,Arroyo,190,68,L,L,4/20/1955,5/28/1963
robinhu01,6/25/1930,Colon ,Panama,,,,Humberto,Robinson,155,73,R,R,4/20/1955,7/24/1960
maasdu01,1/31/1929,Utica MI,USA,12/7/1976,Mt.Clemens MI,USA,Duke,Maas,170,70,R,R,4/21/1955,4/23/1961
froatbi01,10/20/1930,New York NY,USA,2/9/1998,Minneapolis MN,USA,Bill,Froats,180,72,L,L,4/22/1955,4/22/1955
hydedi01,8/3/1928,Hindsboro IL,USA,,,,Dick,Hyde,170,71,R,R,4/23/1955,8/4/1961
mackeer01,8/29/1932,Glendon AB,CAN,,,,Eric,Mackenzie,185,72,L,R,4/23/1955,4/23/1955
hamribe01,3/1/1928,Clarksburg WV,USA,8/8/1984,Springboro OH,USA,Bert,Hamric,165,72,L,R,4/24/1955,5/26/1958
smithbo03,2/1/1931,Woodsville NH,USA,,,,Bob,Smith,190,,R,L,4/29/1955,9/23/1959
trimbjo01,10/12/1930,Providence RI,USA,,,,Joe,Trimble,190,73,R,R,4/29/1955,7/14/1957
hillmda01,9/14/1927,Dungannon VA,USA,,,,Dave,Hillman,168,71,R,R,4/30/1955,6/22/1962
phillbu02,2/24/1928,West Point MS,USA,6/22/1993,Hattiesburg MS,USA,Bubba,Phillips,180,69,R,R,4/30/1955,9/18/1964
wooldfl01,8/25/1928,Jerico Springs MO,USA,,,,Floyd,Wooldridge,185,73,R,R,5/1/1955,8/15/1955
ceccaar01,4/2/1930,New Haven CT,USA,,,,Art,Ceccarelli,190,72,R,L,5/3/1955,5/17/1960
daleype01,1/14/1930,Grass Valley CA,USA,,,,Pete,Daley,195,72,R,R,5/3/1955,10/1/1961
peterha01,10/17/1929,Perth Amboy NJ,USA,,,,Hardy,Peterson,205,72,R,R,5/5/1955,8/8/1959
carroto01,9/17/1936,Jamaica NY,USA,,,,Tom,Carroll,186,75,R,R,5/7/1955,6/14/1959
lopezhe01,7/9/1929,Colon ,Panama,,,,Hector,Lopez,182,71,R,R,5/12/1955,9/30/1966
edelmjo01,7/27/1935,Philadelphia PA,USA,,,,John,Edelman,185,75,R,R,6/2/1955,9/21/1955
harriga01,10/15/1931,Abingdon VA,USA,,,,Gail,Harris,195,72,L,L,6/3/1955,5/3/1960
birreba01,7/4/1929,Buffalo NY,USA,,,,Babe,Birrer,195,72,R,R,6/5/1955,9/24/1958
boyercl02,2/9/1937,Cassville MO,USA,6/4/2007,Atlanta GA,USA,Clete,Boyer,182,72,R,R,6/5/1955,5/23/1971
burbrne01,12/28/1921,Cincinnati OH,USA,4/11/2001,Largo FL,USA,Nelson,Burbrink,195,70,R,R,6/5/1955,9/21/1955
causewa01,12/26/1936,Ruston LA,USA,,,,Wayne,Causey,175,,L,R,6/5/1955,9/20/1968
schooje01,12/14/1933,Seymour MO,USA,,,,Jerry,Schoonmaker,190,71,R,R,6/11/1955,9/29/1957
silveal01,8/26/1935,San Diego CA,USA,7/24/2002,Los Angeles CA,USA,Al,Silvera,180,72,R,R,6/12/1955,5/8/1956
donosli01,9/23/1922,Havana ,Cuba,10/13/1990,Veracruz 30,Mexico,Lino,Donoso,160,71,L,L,6/18/1955,5/2/1956
eastojo01,3/4/1933,Trenton NJ,USA,7/28/2001,Princeton NJ,USA,John,Easton,185,74,R,R,6/19/1955,4/26/1959
gastato01,6/13/1932,Fall River MA,USA,9/20/1956,Riviera Beach MD,USA,Tom,Gastall,187,74,R,R,6/21/1955,9/19/1956
valdijo01,5/22/1934,Matanzas ,Cuba,,,,Jose,Valdivielso,175,73,R,R,6/21/1955,9/30/1961
nelsote01,8/7/1936,Dallas TX,USA,,,,Tex,Nelson,220,75,L,L,6/22/1955,6/14/1957
smallji01,3/8/1937,Portland OR,USA,,,,Jim,Small,180,,L,L,6/22/1955,9/27/1958
locklst01,7/22/1928,Appleton WI,USA,,,,Stu,Locklin,190,,L,L,6/23/1955,5/30/1956
koufasa01,12/30/1935,Brooklyn NY,USA,,,,Sandy,Koufax,210,74,R,L,6/24/1955,10/2/1966
martipa02,3/10/1932,Brownstown PA,USA,,,,Paul,Martin,235,78,R,R,7/2/1955,8/16/1955
brovijo01,2/18/1922,Davenport CA,USA,8/15/1994,Santa Cruz CA,USA,Joe,Brovia,195,75,L,R,7/3/1955,8/5/1955
halebo01,11/7/1933,Sarasota FL,USA,,,,Bob,Hale,195,70,L,L,7/4/1955,10/1/1961
kuhnke01,3/20/1937,Louisville KY,USA,,,,Kenny,Kuhn,175,,L,R,7/7/1955,9/29/1957
bessedo01,3/13/1931,Jacksonville FL,USA,7/7/1990,Jacksonville FL,USA,Don,Bessent,175,72,R,R,7/17/1955,9/27/1958
craigro01,2/17/1930,Durham NC,USA,,,,Roger,Craig,191,76,R,R,7/17/1955,7/10/1966
bunniji01,10/23/1931,Southgate KY,USA,,,,Jim,Bunning,195,75,R,R,7/20/1955,9/3/1971
kaisedo01,2/3/1935,Byng OK,USA,,,,Don,Kaiser,195,77,R,R,7/20/1955,9/24/1957
plarsdo01,11/9/1929,Chicago IL,USA,12/29/1981,St.Louis MO,USA,Don,Plarski,160,66,R,R,7/20/1955,8/2/1955
grossdo01,6/30/1931,Weidman MI,USA,,,,Don,Gross,186,71,L,L,7/21/1955,5/25/1960
smithmi02,3/27/1929,Columbus GA,USA,4/11/1997,San Diego CA,USA,Milt,Smith,165,70,R,R,7/21/1955,9/25/1955
baumafr01,7/1/1933,St. Louis MO,USA,,,,Frank,Baumann,210,73,L,L,7/31/1955,5/8/1965
richabo01,8/19/1935,Sumter SC,USA,,,,Bobby,Richardson,170,69,R,R,8/5/1955,10/2/1966
pagliji01,12/8/1937,Dearborn MI,USA,,,,Jim,Pagliaroni,210,76,R,R,8/13/1955,9/30/1969
colemri01,7/31/1931,Troy NY,USA,5/14/2004,Wolfeboro NH,USA,Rip,Coleman,185,74,L,L,8/15/1955,5/5/1960
roselbo01,12/10/1931,San Francisco CA,USA,,,,Bob,Roselli,185,71,R,R,8/16/1955,9/29/1962
kumemi01,5/19/1926,Premier WV,USA,,,,Mike,Kume,195,73,R,R,8/26/1955,9/25/1955
schypje01,9/16/1931,Detroit MI,USA,,,,Jerry,Schypinski,170,70,L,R,8/31/1955,9/25/1955
harrebi01,7/18/1928,Norristown PA,USA,,,,Billy,Harrell,180,,R,R,9/2/1955,9/20/1961
mcdanli01,12/13/1935,Hollis OK,USA,,,,Lindy,McDaniel,195,75,R,R,9/2/1955,9/27/1975
craddwa01,3/25/1932,Pax WV,USA,7/6/1980,Parma Heights OH,USA,Walt,Craddock,176,,R,L,9/3/1955,9/28/1958
clarkwe01,6/8/1928,Colon ,Panama,6/14/1970,Cristobal ,Canal Zone,Webbo,Clarke,165,72,L,L,9/4/1955,9/24/1955
hazlebo01,12/9/1930,Laurens SC,USA,4/25/1992,Columbia SC,USA,Bob,Hazle,190,72,L,R,9/8/1955,9/28/1958
templch01,6/1/1932,Detroit MI,USA,10/9/1997,Irving TX,USA,Chuck,Templeton,210,75,R,L,9/9/1955,6/10/1956
aguirha01,1/31/1931,Azusa CA,USA,9/5/1994,Bloomfield Hills MI,USA,Hank,Aguirre,205,76,R,L,9/10/1955,6/24/1970
batteea01,1/5/1935,Los Angeles CA,USA,11/15/2003,Ocala FL,USA,Earl,Battey,205,73,R,R,9/10/1955,9/27/1967
colavro01,8/10/1933,New York NY,USA,,,,Rocky,Colavito,190,75,R,R,9/10/1955,9/28/1968
daleybu01,10/7/1932,Orange CA,USA,,,,Bud,Daley,185,73,L,L,9/10/1955,7/26/1964
swansre01,10/15/1936,Baton Rouge LA,USA,,,,Red,Swanson,175,,R,R,9/10/1955,9/21/1957
dagrean01,8/22/1934,Newburyport MA,USA,,,,Angelo,Dagres,175,71,L,L,9/11/1955,9/25/1955
vandufr01,7/31/1937,Jackson Heights NY,USA,,,,Fred,Van Dusen,180,75,L,L,9/11/1955,9/11/1955
becquju01,12/20/1931,Havana ,Cuba,,,,Julio,Becquer,178,,L,L,9/13/1955,9/18/1963
peterbu01,4/23/1925,Portland OR,USA,9/19/2006,Sacramento CA,USA,Buddy,Peterson,170,,R,R,9/14/1955,9/29/1957
georgal01,9/27/1938,Kansas City MO,USA,,,,Alex,George,170,,L,R,9/16/1955,9/25/1955
lockech01,5/5/1932,Malden MO,USA,,,,Chuck,Locke,185,71,R,R,9/16/1955,9/21/1955
powelle01,10/17/1933,Flint MI,USA,,,,Leroy,Powell,190,73,R,R,9/16/1955,4/20/1957
whiteed01,4/6/1926,Anniston AL,USA,9/28/1982,Lakeland FL,USA,Ed,White,200,74,R,R,9/16/1955,9/25/1955
malzofr01,2/28/1930,Bronx NY,USA,,,,Frank,Malzone,180,70,R,R,9/17/1955,10/1/1966
robinbr01,5/18/1937,Little Rock AR,USA,,,,Brooks,Robinson,190,73,R,R,9/17/1955,8/13/1977
blasido01,3/16/1932,Corinth MS,USA,4/13/2005,Fountain Hills AZ,USA,Don,Blasingame,165,70,L,R,9/20/1955,8/27/1966
burnspe01,7/2/1930,Evanston IL,USA,,,,Pete,Burnside,190,74,R,L,9/20/1955,9/27/1963
coxgl01,2/3/1931,Montebello CA,USA,,,,Glenn,Cox,210,74,R,R,9/20/1955,4/23/1958
sulliha02,12/15/1930,Donalsonville GA,USA,2/12/2003,Fort Myers FL,USA,Haywood,Sullivan,215,76,R,R,9/20/1955,6/30/1963
waterfr02,2/2/1927,Benton MS,USA,8/28/1989,Pensacola FL,USA,Fred,Waters,185,71,L,L,9/20/1955,9/23/1956
harribo02,9/22/1930,St. Louis MO,USA,,,,Bob,Harrison,178,71,L,R,9/23/1955,9/25/1956
pawlost01,9/6/1931,Wanamie PA,USA,,,,Stan,Pawloski,175,73,R,R,9/24/1955,9/25/1955
powerjo01,7/8/1929,Birmingham AL,USA,9/25/2001,,,John,Powers,190,72,L,R,9/24/1955,5/31/1960
blancjo01,2/26/1933,Minneapolis MN,USA,,,,Johnny,Blanchard,198,73,L,R,9/25/1955,9/27/1965
marquro01,4/5/1937,Holyoke MA,USA,7/19/2004,Holyoke MA,USA,Roger,Marquis,190,72,L,L,9/25/1955,9/25/1955
tettedi01,6/26/1929,New Haven CT,USA,1/26/1995,E.Harwich MA,USA,Dick,Tettelbach,195,72,R,R,9/25/1955,5/5/1957
thronma01,9/2/1933,Collierville TN,USA,6/23/1994,Fisherville TN,USA,Marv,Throneberry,197,72,L,L,9/25/1955,5/5/1963
aparilu01,4/29/1934,Maracaibo ,Venezuela,,,,Luis,Aparicio,160,69,R,R,4/17/1956,9/28/1973
baxesmi01,12/18/1930,San Francisco CA,USA,,,,Mike,Baxes,175,70,R,R,4/17/1956,9/27/1958
briggjo01,1/24/1934,Natoma CA,USA,,,,John,Briggs,175,70,R,R,4/17/1956,9/4/1960
buddido01,5/5/1934,Turbeville SC,USA,,,,Don,Buddin,178,71,R,R,4/17/1956,9/25/1962
drakeso01,10/23/1930,Little Rock AR,USA,,,,Solly,Drake,170,72,B,R,4/17/1956,9/27/1959
drysddo01,7/23/1936,Van Nuys CA,USA,7/3/1993,Montreal PQ,CAN,Don,Drysdale,216,78,R,R,4/17/1956,8/5/1969
francti01,11/4/1933,Aliquippa PA,USA,,,,Tito,Francona,190,71,L,L,4/17/1956,9/29/1970
herzowh01,11/9/1931,New Athens IL,USA,,,,Whitey,Herzog,182,71,L,L,4/17/1956,9/28/1963
hicksbu01,2/15/1927,Belvedere CA,USA,,,,Buddy,Hicks,170,70,B,R,4/17/1956,7/18/1956
kravida01,12/21/1930,Lopez PA,USA,,,,Danny,Kravitz,195,71,L,R,4/17/1956,9/18/1960
lumpeje01,6/2/1933,Lincoln MO,USA,,,,Jerry,Lumpe,185,74,L,R,4/17/1956,10/1/1967
meltoda01,10/3/1928,Pampa TX,USA,,,,Dave,Melton,185,72,R,R,4/17/1956,6/11/1958
nealch01,1/30/1931,Longview TX,USA,11/18/1996,Dallas TX,USA,Charlie,Neal,165,70,R,R,4/17/1956,9/29/1963
robinfr02,8/31/1935,Beaumont TX,USA,,,,Frank,Robinson,195,73,R,R,4/17/1956,9/18/1976
besanfr01,4/5/1931,Lincoln CA,USA,,,,Fred,Besana,200,,R,L,4/18/1956,5/13/1956
griggha01,8/24/1928,Shannon GA,USA,5/10/2005,Tucson AZ,USA,Hal,Griggs,170,72,R,R,4/18/1956,9/25/1959
mcmahja02,7/22/1932,Hot Springs AR,USA,,,,Jack,McMahan,175,72,R,L,4/18/1956,9/23/1956
plewshe01,6/14/1928,Helena MT,USA,,,,Herb,Plews,160,71,L,R,4/18/1956,7/26/1959
averiea02,9/9/1931,Cleveland OH,USA,,,,Earl,Averill,190,70,R,R,4/19/1956,9/26/1963
cimolgi01,12/18/1929,San Francisco CA,USA,,,,Gino,Cimoli,200,74,R,R,4/19/1956,5/7/1965
covinwe01,3/27/1932,Laurinburg NC,USA,,,,Wes,Covington,205,73,L,R,4/19/1956,10/2/1966
scantpa01,11/11/1917,Gatun Ca,Panama,5/24/1991,Glen Ridge NJ,USA,Pat,Scantlebury,180,73,L,L,4/19/1956,8/3/1956
skizalo01,6/2/1932,Chicago IL,USA,,,,Lou,Skizas,175,71,R,R,4/19/1956,4/30/1959
ackerto01,3/7/1930,Paterson NJ,USA,,,,Tom,Acker,215,76,R,R,4/20/1956,9/20/1959
torrefr01,12/30/1931,Brooklyn NY,USA,,,,Frank,Torre,205,75,L,L,4/20/1956,9/29/1963
brandja01,4/28/1934,Omaha NE,USA,,,,Jackie,Brandt,170,71,R,R,4/21/1956,9/2/1967
fischbi01,10/11/1930,Wausau WI,USA,,,,Bill,Fischer,190,72,R,R,4/21/1956,5/22/1964
keougma01,4/14/1935,Oakland CA,USA,,,,Marty,Keough,180,72,L,L,4/21/1956,9/16/1966
murffre01,4/1/1921,Burlington TX,USA,,,,Red,Murff,195,75,R,R,4/21/1956,5/30/1957
myersri01,4/7/1930,Sacramento CA,USA,,,,Richie,Myers,150,66,R,R,4/21/1956,5/2/1956
plessra01,12/6/1925,Greeneville TN,USA,,,,Rance,Pless,195,72,R,R,4/21/1956,9/30/1956
sisleda01,10/16/1931,St. Louis MO,USA,,,,Dave,Sisler,200,76,R,R,4/21/1956,9/23/1962
grobco01,11/9/1932,Cross Plains WI,USA,9/28/1997,Madison WI,USA,Connie,Grob,180,72,L,R,4/22/1956,9/15/1956
lonnejo01,2/7/1927,Beaver Falls PA,USA,,,,Joe,Lonnett,180,70,R,R,4/22/1956,9/26/1959
trowbbo01,6/27/1930,Hudson NY,USA,4/3/1980,Hudson NY,USA,Bob,Trowbridge,190,73,R,R,4/22/1956,7/24/1960
bradfbi01,8/28/1921,Choctaw AR,USA,8/22/2000,Fairfield Bay AR,USA,Bill,Bradford,180,74,R,R,4/24/1956,4/24/1956
herritr01,12/20/1930,Tipton OK,USA,,,,Troy,Herriage,170,73,R,R,4/25/1956,9/26/1956
lipetan01,7/6/1930,Brooklyn NY,USA,,,,Angelo,Lipetri,180,,R,R,4/25/1956,5/10/1958
margojo01,1/13/1930,Somerset PA,USA,,,,Joe,Margoneri,185,72,L,L,4/25/1956,6/3/1957
piktuge01,1/3/1932,Chicago IL,USA,11/28/1993,Long Beach CA,USA,George,Piktuzis,200,74,R,L,4/25/1956,4/28/1956
winceed01,4/16/1929,Chicago IL,USA,,,,Ed,Winceniak,165,69,R,R,4/25/1956,5/12/1957
heldme01,4/12/1929,Edon OH,USA,,,,Mel,Held,178,73,R,R,4/27/1956,5/13/1956
smithha09,6/1/1931,Barling AR,USA,,,,Hal,Smith,189,71,R,R,5/2/1956,7/8/1965
dahlkje01,6/8/1929,Marathon WI,USA,9/2/2006,Batesville MS,USA,Jerry,Dahlke,180,72,R,R,5/6/1956,5/20/1956
whitebi03,1/28/1934,Lakewood FL,USA,,,,Bill,White,195,72,L,L,5/7/1956,9/24/1969
bradyji01,3/2/1936,Jersey City NJ,USA,,,,Jim,Brady,185,74,L,L,5/12/1956,8/2/1956
garbebo01,9/10/1928,Hunker PA,USA,6/7/1999,Redwood City CA,USA,Bob,Garber,190,73,R,R,5/13/1956,9/23/1956
luttrly01,2/22/1930,Bloomington IL,USA,7/11/1984,Chattanooga TN,USA,Lyle,Luttrell,180,72,R,R,5/15/1956,5/16/1957
burkma01,4/21/1935,Nacogdoches TX,USA,,,,Mack,Burk,180,76,R,R,5/25/1956,6/22/1958
phillta01,6/18/1933,Atlanta GA,USA,,,,Taylor,Phillips,185,71,L,L,6/8/1956,9/6/1963
bressed01,5/2/1932,Los Angeles CA,USA,,,,Eddie,Bressoud,175,73,R,R,6/14/1956,9/26/1967
siebeno01,7/26/1933,St. Louis MO,USA,,,,Norm,Siebern,205,75,L,R,6/15/1956,7/30/1968
mantife01,7/29/1934,Isabela ,P.R.,,,,Felix,Mantilla,160,72,R,R,6/21/1956,10/2/1966
constji01,6/14/1933,Jonesborough TN,USA,9/4/2002,Johnson City TN,USA,Jim,Constable,185,73,B,L,6/24/1956,4/27/1963
kindaje01,5/27/1935,St. Paul MN,USA,,,,Jerry,Kindall,175,,R,R,7/1/1956,10/2/1965
mazerbi01,9/5/1936,Wheeling WV,USA,,,,Bill,Mazeroski,183,71,R,R,7/7/1956,10/4/1972
naranch01,11/25/1934,Havana ,Cuba,,,,Cholly,Naranjo,165,,L,R,7/8/1956,9/12/1956
pilaral01,7/3/1930,Whiting IN,USA,,,,Al,Pilarcik,180,70,L,L,7/13/1956,9/24/1961
fernach01,3/2/1932,Havana ,Cuba,,,,Chico,Fernandez,170,72,R,R,7/14/1956,9/29/1963
burnewa01,6/20/1929,Blairs VA,USA,2/12/2003,Danville VA,USA,Wally,Burnette,178,72,R,R,7/15/1956,6/28/1958
peetech01,2/22/1929,Franklin VA,USA,11/27/1956,Caracas ,Venezuela,Charlie,Peete,190,,L,R,7/17/1956,8/16/1956
blaylbo01,6/28/1935,Chattanooga OK,USA,,,,Bob,Blaylock,185,73,R,R,7/22/1956,9/20/1959
terryra01,1/9/1936,Big Cabin OK,USA,,,,Ralph,Terry,195,75,R,R,8/6/1956,4/22/1967
drabomo01,7/21/1935,Ozanna ,Poland,6/10/2006,Little Rock AR,USA,Moe,Drabowsky,200,74,R,R,8/7/1956,9/19/1972
oldhajo01,11/6/1932,Salinas CA,USA,,,,John,Oldham,198,75,R,L,9/2/1956,9/2/1956
mccormi03,9/29/1938,Pasadena CA,USA,,,,Mike,McCormick,195,74,L,L,9/3/1956,5/22/1971
hershea01,5/21/1932,Ebbvale MD,USA,,,,Earl,Hersh,205,72,L,L,9/4/1956,9/22/1956
moellro01,10/13/1938,Cincinnati OH,USA,,,,Ron,Moeller,180,72,L,L,9/8/1956,9/25/1963
floodcu01,1/18/1938,Houston TX,USA,1/20/1997,Los Angeles CA,USA,Curt,Flood,165,69,R,R,9/9/1956,4/25/1971
hernaev01,12/24/1931,Guanabacoa ,Cuba,,,,Evelio,Hernandez,195,73,R,R,9/12/1956,6/23/1957
lauch01,4/12/1933,Romulus MI,USA,3/18/1984,Key Colony Beach FL,USA,Charley,Lau,190,72,L,R,9/12/1956,9/29/1967
caffijo01,2/14/1931,Ramer AL,USA,,,,Joe,Caffie,180,,L,R,9/13/1956,9/28/1957
brunege01,6/8/1935,Houghton MI,USA,10/25/1991,Poza Rica 30,Mexico,George,Brunet,210,73,R,L,9/14/1956,4/28/1971
woodeha01,8/24/1932,Wilkes-Barre PA,USA,,,,Hal,Woodeshick,200,75,R,L,9/14/1956,9/4/1967
duserca01,7/22/1932,Hazleton PA,USA,,,,Carl,Duser,175,73,L,L,9/15/1956,4/23/1958
balcebo01,8/1/1925,San Pedro CA,USA,1/4/1990,San Pedro CA,USA,Bobby,Balcena,160,67,R,L,9/16/1956,9/29/1956
hostge01,1/1/1933,Leeper PA,USA,8/20/1998,Nashville TN,USA,Gene,Host,190,71,B,L,9/16/1956,6/23/1957
sanfoja02,5/18/1929,Wellesley Hills MA,USA,3/7/2000,,,Jack,Sanford,190,72,R,R,9/16/1956,8/6/1967
demetdo01,6/25/1935,Oklahoma City OK,USA,,,,Don,Demeter,190,76,R,R,9/18/1956,8/28/1967
asprobo01,6/19/1938,Brooklyn NY,USA,,,,Bob,Aspromonte,185,74,R,R,9/19/1956,9/28/1971
bouched01,3/7/1933,Livingston MT,USA,,,,Ed,Bouchee,205,73,L,L,9/19/1956,7/29/1962
sundigo01,10/10/1937,Minneapolis MN,USA,,,,Gordie,Sundin,215,76,R,R,9/19/1956,9/19/1956
coateji01,8/4/1932,Farnham VA,USA,,,,Jim,Coates,192,76,R,R,9/21/1956,9/30/1967
farretu01,4/8/1934,Boston MA,USA,6/10/1977,Great Yarmouth ,England,Turk,Farrell,220,76,R,R,9/21/1956,9/19/1969
virgioz01,5/17/1932,Monte Cristi ,D.R.,,,,Ozzie,Virgil,175,72,R,R,9/23/1956,6/27/1969
beamoch01,12/25/1934,Oakland CA,USA,,,,Charlie,Beamon,195,71,R,R,9/26/1956,9/13/1958
werlege01,9/8/1938,St. Louis MO,USA,,,,George,Werley,196,74,R,R,9/29/1956,9/29/1956
derriji01,11/29/1939,Compton CA,USA,,,,Jim,Derrington,190,75,L,L,9/30/1956,9/29/1957
wrighro01,9/26/1933,Buchtel OH,USA,,,,Roy,Wright,170,74,R,R,9/30/1956,9/30/1956
chrisne01,12/16/1931,Calhoun Falls SC,USA,,,,Neil,Chrisley,187,75,L,R,4/15/1957,9/24/1961
powisca01,1/11/1928,Philadelphia PA,USA,5/10/1999,Houston TX,USA,Carl,Powis,185,72,R,R,4/15/1957,5/5/1957
drottdi01,7/1/1936,Cincinnati OH,USA,8/16/1985,Glendale Heights IL,USA,Dick,Drott,185,72,R,R,4/16/1957,9/27/1963
graffmi01,12/30/1930,Jefferson Center PA,USA,8/2/2005,Rockdale TX,USA,Milt,Graff,158,,L,R,4/16/1957,9/21/1958
landiji01,3/9/1934,Fresno CA,USA,,,,Jim,Landis,180,73,R,R,4/16/1957,8/27/1967
marisro01,9/10/1934,Hibbing MN,USA,12/14/1985,Houston TX,USA,Roger,Maris,204,72,L,R,4/16/1957,9/29/1968
neemaca01,2/18/1929,Valmeyer IL,USA,,,,Cal,Neeman,192,73,R,R,4/16/1957,9/29/1963
rainela01,3/9/1930,St. Albans WV,USA,1/28/1978,Lansing MI,USA,Larry,Raines,165,70,R,R,4/16/1957,9/26/1958
rodgean01,12/2/1934,Nassau ,Bahamas,12/13/2004,Nassau ,Bahamas,Andre,Rodgers,200,75,R,R,4/16/1957,9/30/1967
smithbo04,5/28/1934,Hood River OR,USA,,,,Bobby Gene,Smith,185,71,R,R,4/16/1957,7/17/1965
thomava01,10/21/1928,Santurce ,P.R.,,,,Valmy,Thomas,165,69,R,R,4/16/1957,10/1/1961
willbo01,7/15/1931,Berwyn IL,USA,,,,Bob,Will,175,,L,L,4/16/1957,6/12/1963
wiseca01,9/8/1932,Lafayette IN,USA,2/20/2007,Naples FL,USA,Casey,Wise,170,72,B,R,4/16/1957,7/3/1960
anderha02,9/10/1931,North East MD,USA,6/11/1998,Greenville DE,USA,Harry,Anderson,210,75,L,R,4/18/1957,5/5/1961
churnch01,2/1/1930,Bridgetown VA,USA,,,,Chuck,Churn,205,75,R,R,4/18/1957,9/29/1959
kaskoed01,6/27/1932,Linden NJ,USA,,,,Eddie,Kasko,180,72,R,R,4/18/1957,9/10/1966
kubekto01,10/12/1935,Milwaukee WI,USA,,,,Tony,Kubek,191,75,L,R,4/20/1957,10/3/1965
nixonru01,2/19/1935,Cleves OH,USA,,,,Russ,Nixon,200,73,L,R,4/20/1957,9/16/1968
pavledo01,7/13/1938,Milwaukee WI,USA,,,,Don,Pavletich,209,71,R,R,4/20/1957,9/1/1971
barclcu01,8/22/1931,Chicago IL,USA,3/25/1985,Missoula MT,USA,Curt,Barclay,210,75,R,R,4/21/1957,4/16/1959
cardwdo01,12/7/1935,Winston-Salem NC,USA,1/14/2008,Winston-Salem NC,USA,Don,Cardwell,210,76,R,R,4/21/1957,9/27/1970
cheneto01,10/14/1934,Morgan GA,USA,11/1/2001,Rome GA,USA,Tom,Cheney,180,72,R,R,4/21/1957,5/9/1966
pritcbu01,1/25/1936,South Gate CA,USA,,,,Buddy,Pritchard,195,73,R,R,4/21/1957,9/1/1957
valdere01,6/2/1929,Guanabacoa ,Cuba,,,,Rene,Valdez,175,75,R,R,4/21/1957,9/28/1957
cicotal01,12/23/1929,Melvindale MI,USA,11/29/1982,Westland MI,USA,Al,Cicotte,185,75,R,R,4/22/1957,5/8/1962
kennejo02,10/12/1926,Jacksonville FL,USA,4/27/1998,Jacksonville FL,USA,John,Kennedy,175,70,R,R,4/22/1957,5/3/1957
merrill02,4/8/1933,St. Louis MO,USA,,,,Lloyd,Merritt,189,72,R,R,4/22/1957,9/28/1957
shiffga01,3/28/1935,Elkton VA,USA,,,,Garland,Shifflett,165,,R,R,4/22/1957,6/26/1964
leedo01,2/26/1934,Globe AZ,USA,,,,Don,Lee,210,76,R,R,4/23/1957,8/21/1966
pitulst01,3/23/1931,Hackensack NJ,USA,8/15/1965,Hackensack NJ,USA,Stan,Pitula,170,70,R,R,4/24/1957,9/14/1957
morehse01,8/15/1934,Houston TX,USA,1/17/2006,Shreveport LA,USA,Seth,Morehead,195,72,L,L,4/27/1957,9/15/1961
pignajo01,8/4/1929,Brooklyn NY,USA,,,,Joe,Pignatano,180,70,R,R,4/28/1957,9/30/1962
pattoto01,9/5/1935,Honey Brook PA,USA,,,,Tom,Patton,185,,R,R,4/30/1957,4/30/1957
henribo01,12/24/1938,Lawrence KS,USA,,,,Bobby,Henrich,185,73,R,R,5/3/1957,9/19/1959
pizarju01,2/7/1937,Santurce ,P.R.,,,,Juan,Pizarro,190,71,L,L,5/4/1957,9/26/1974
ernagfr01,8/22/1930,Susanville CA,USA,,,,Frank,Ernaga,195,73,R,R,5/24/1957,9/21/1958
malkmbo01,7/4/1931,Newark NJ,USA,,,,Bobby,Malkmus,180,69,R,R,6/1/1957,5/15/1962
tayloha04,4/3/1939,Metropolis IL,USA,,,,Hawk,Taylor,190,74,R,R,6/9/1957,9/22/1970
mcdanvo01,4/18/1939,Hollis OK,USA,8/20/1995,Lawton OK,USA,Von,McDaniel,180,,R,R,6/13/1957,5/11/1958
tsitojo01,5/4/1936,Monroe NC,USA,,,,John,Tsitouris,175,72,R,R,6/13/1957,4/24/1968
urbanja01,12/5/1928,Omaha NE,USA,6/26/2006,Omaha NE,USA,Jack,Urban,155,68,R,R,6/13/1957,8/6/1959
rosebjo01,5/13/1933,Ashland OH,USA,8/16/2002,Los Angeles CA,USA,Johnny,Roseboro,190,70.5,L,R,6/14/1957,8/11/1970
hamlike01,5/18/1935,Detroit MI,USA,,,,Ken,Hamlin,170,70,R,R,6/17/1957,9/26/1966
mcdevda01,11/18/1932,New York NY,USA,,,,Danny,McDevitt,175,70,L,L,6/17/1957,9/19/1962
demerjo01,1/8/1936,West Bend WI,USA,,,,John,DeMerit,195,73,R,R,6/18/1957,5/20/1962
martybo01,8/15/1930,Weiser ID,USA,,,,Bob,Martyn,176,72,L,R,6/18/1957,4/10/1959
borosst01,9/3/1936,Flint MI,USA,,,,Steve,Boros,185,72,R,R,6/19/1957,5/8/1965
browndi01,1/17/1935,Shinnston WV,USA,4/17/1970,Baltimore MD,USA,Dick,Brown,190,75,R,R,6/20/1957,10/3/1965
millebo04,2/18/1939,St. Louis MO,USA,8/6/1993,Rancho Bernardo CA,USA,Bob,Miller,182,73,R,R,6/26/1957,9/28/1974
osborbo02,10/12/1935,Chattahoochee GA,USA,,,,Bobo,Osborne,205,73,L,R,6/27/1957,9/24/1963
yewcito01,5/9/1932,Conemaugh PA,USA,,,,Tom,Yewcic,180,71,R,R,6/27/1957,6/27/1957
heiseji01,10/2/1932,Scottdale PA,USA,,,,Jim,Heise,185,73,R,R,6/29/1957,7/30/1957
mcmahdo02,1/4/1930,Brooklyn NY,USA,7/22/1987,Los Angeles CA,USA,Don,McMahon,222,74,R,R,6/30/1957,6/29/1974
zupofr01,8/29/1939,San Francisco CA,USA,3/25/2005,Burlingame CA,USA,Frank,Zupo,182,71,L,R,7/1/1957,5/9/1961
osteecl01,8/9/1939,Caney Spring TN,USA,,,,Claude,Osteen,173,71,L,L,7/6/1957,9/27/1975
walkeje01,2/12/1939,Ada OK,USA,,,,Jerry,Walker,195,73,B,R,7/6/1957,9/25/1964
douglwh01,2/17/1935,Carrboro NC,USA,,,,Whammy,Douglas,185,74,R,R,7/29/1957,9/21/1957
anderbo01,9/29/1935,East Chicago IN,USA,,,,Bob,Anderson,210,,R,R,7/31/1957,9/25/1963
muffebi01,9/21/1930,Hammond IN,USA,,,,Billy,Muffett,198,73,R,R,8/3/1957,4/28/1962
pappami01,5/11/1939,Detroit MI,USA,,,,Milt,Pappas,190,75,R,R,8/10/1957,9/18/1973
shawbo01,6/29/1933,Bronx NY,USA,,,,Bob,Shaw,195,74,R,R,8/11/1957,9/11/1967
hillda01,11/11/1937,New Orleans LA,USA,,,,Dave,Hill,170,74,R,L,8/22/1957,8/26/1957
greenle01,1/6/1933,Detroit MI,USA,,,,Lenny,Green,170,71,L,L,8/25/1957,6/30/1968
stumpji01,2/10/1932,Lansing MI,USA,,,,Jim,Stump,188,72,R,R,8/29/1957,9/26/1959
asproke01,9/22/1931,Brooklyn NY,USA,,,,Ken,Aspromonte,180,72,R,R,9/2/1957,6/21/1963
hookja01,11/18/1936,Waukegan IL,USA,,,,Jay,Hook,182,74,L,R,9/3/1957,5/3/1964
lumenra01,12/21/1936,Milford MA,USA,,,,Ralph,Lumenti,185,75,L,L,9/7/1957,9/27/1959
haased01,5/26/1935,Paducah KY,USA,,,,Eddie,Haas,178,71,L,R,9/8/1957,10/1/1960
gentiji01,6/3/1934,San Francisco CA,USA,,,,Jim,Gentile,215,76,L,L,9/10/1957,9/30/1966
greenge01,6/26/1933,Los Angeles CA,USA,5/23/1981,St.Louis MO,USA,Gene,Green,205,74,R,R,9/10/1957,9/29/1963
kippfr01,10/1/1931,Piqua KS,USA,,,,Fred,Kipp,200,76,L,L,9/10/1957,5/8/1960
latmaba01,5/21/1936,Los Angeles CA,USA,,,,Barry,Latman,210,75,R,R,9/10/1957,8/12/1967
bellaze01,8/23/1930,Greenwich CT,USA,,,,Zeke,Bella,185,71,R,L,9/11/1957,9/25/1959
thomage01,11/29/1937,Minneapolis MN,USA,,,,George,Thomas,190,,R,R,9/11/1957,9/6/1971
mayered02,11/30/1931,San Francisco CA,USA,,,,Ed,Mayer,185,74,L,L,9/15/1957,6/5/1958
tayloha05,12/2/1935,San Angelo TX,USA,,,,Harry,Taylor,185,72,R,R,9/17/1957,9/24/1957
shearra01,9/19/1929,Jacobus PA,USA,2/21/1982,York PA,USA,Ray,Shearer,200,72,R,R,9/18/1957,9/29/1957
goryljo01,10/21/1933,Cumberland RI,USA,,,,Johnny,Goryl,175,70,R,R,9/20/1957,10/2/1964
hobbigl01,4/24/1936,Witt IL,USA,,,,Glen,Hobbie,195,74,R,R,9/20/1957,7/25/1964
daniech02,9/17/1933,Bluffton AR,USA,,,,Chuck,Daniel,195,74,R,R,9/21/1957,9/21/1957
lassedo01,3/27/1933,Newnan GA,USA,,,,Don,Lassetter,200,75,R,R,9/21/1957,9/29/1957
rabech01,5/6/1932,Boyce TX,USA,,,,Charlie,Rabe,180,73,L,L,9/21/1957,6/4/1958
rudoldo01,8/16/1931,Baltimore MD,USA,9/12/1968,Granada Hills CA,USA,Don,Rudolph,195,71,L,L,9/21/1957,10/3/1964
wittge01,11/9/1933,Long Beach CA,USA,,,,George,Witt,200,75,R,R,9/21/1957,6/10/1962
barnefr02,8/26/1926,Longwood MS,USA,,,,Frank,Barnes,170,72,R,R,9/22/1957,5/14/1960
durnbbo01,1/15/1933,Dayton OH,USA,,,,Bobby,Durnbaugh,170,68,R,R,9/22/1957,9/27/1957
minnido01,4/14/1931,Lynchburg VA,USA,,,,Don,Minnick,195,75,R,R,9/23/1957,9/28/1957
daniebe02,6/17/1932,Tuscaloosa AL,USA,,,,Bennie,Daniels,193,,L,R,9/24/1957,9/18/1965
massago01,9/2/1935,Cincinnati OH,USA,,,,Gordon,Massa,210,75,L,R,9/24/1957,9/14/1958
dottedu01,11/11/1931,Syracuse NY,USA,10/9/1999,,,Dutch,Dotterer,209,72,R,R,9/25/1957,4/30/1961
mcilwst01,9/22/1939,Savannah GA,USA,1/15/1966,Buffalo NY,USA,Stover,McIlwain,195,74,R,R,9/25/1957,9/28/1958
skaugda01,1/10/1940,Algona IA,USA,,,,Dave,Skaugstad,179,73,L,L,9/25/1957,9/29/1957
harribi03,12/3/1931,Duguayville NB,CAN,,,,Bill,Harris,187,68,L,R,9/27/1957,9/26/1959
woodsji01,9/17/1939,Chicago IL,USA,,,,Jim,Woods,175,72,R,R,9/27/1957,6/23/1961
landrdo01,2/16/1936,Santa Rosa CA,USA,1/9/2003,Pittsburg CA,USA,Don,Landrum,180,72,L,R,9/28/1957,7/21/1966
millero03,1/16/1940,Portland OR,USA,,,,Rod,Miller,160,70,L,R,9/28/1957,9/28/1957
pearsal02,9/12/1934,Alhambra CA,USA,,,,Albie,Pearson,141,65,L,L,4/14/1958,7/16/1966
blackro01,4/23/1935,Mount Airy NC,USA,4/29/1998,Morganton NC,USA,Ron,Blackburn,160,72,R,R,4/15/1958,7/28/1959
cepedor01,9/17/1937,Ponce ,P.R.,,,,Orlando,Cepeda,210,74,R,R,4/15/1958,9/19/1974
clarkph01,10/3/1932,Albany GA,USA,,,,Phil,Clark,210,75,R,R,4/15/1958,4/29/1959
davenji01,8/17/1933,Siluria AL,USA,,,,Jim,Davenport,175,71,R,R,4/15/1958,6/23/1970
essegch01,8/9/1931,Boston MA,USA,,,,Chuck,Essegian,202,71,R,R,4/15/1958,9/28/1963
geigega01,4/4/1937,Sand Ridge IL,USA,4/24/1996,Murphysboro IL,USA,Gary,Geiger,168,72,L,R,4/15/1958,7/10/1970
graydi01,7/11/1931,Jefferson PA,USA,,,,Dick,Gray,165,71,R,R,4/15/1958,5/22/1960
hansero02,4/5/1938,Oxford NE,USA,,,,Ron,Hansen,200,75,R,R,4/15/1958,6/20/1972
hardyca01,5/18/1933,Sturgis SD,USA,,,,Carroll,Hardy,185,72,R,R,4/15/1958,9/27/1967
herrepa01,6/16/1934,Santiago De Cuba ,Cuba,4/28/2005,Miami FL,USA,Pancho,Herrera,220,75,R,R,4/15/1958,10/1/1961
kirklwi01,2/17/1934,Siluria AL,USA,,,,Willie,Kirkland,206,73,L,R,4/15/1958,9/26/1966
larkeno01,12/27/1930,Beaver Meadows PA,USA,3/12/2007,Long Beach CA,USA,Norm,Larker,200,72,L,L,4/15/1958,9/28/1963
marshji01,5/25/1931,Danville IL,USA,,,,Jim,Marshall,190,73,L,L,4/15/1958,9/28/1962
moranbi02,11/27/1933,Montgomery AL,USA,,,,Billy,Moran,185,71,R,R,4/15/1958,9/28/1965
nichodo02,2/28/1930,Tishomingo MS,USA,11/20/1989,Tupelo MS,USA,Dolan,Nichols,195,72,R,R,4/15/1958,9/26/1958
pinsova01,8/11/1938,Memphis TN,USA,10/21/1995,Oakland CA,USA,Vada,Pinson,181,71,L,L,4/15/1958,9/28/1975
raydocu01,11/18/1933,Bloomington IL,USA,,,,Curt,Raydon,190,76,R,R,4/15/1958,9/14/1958
semprra01,1/7/1931,Cleveland OH,USA,,,,Ray,Semproch,180,71,R,R,4/15/1958,5/2/1961
steverc01,7/22/1934,Moultrie GA,USA,,,,R.C.,Stevens,219,77,R,L,4/15/1958,6/10/1961
tayloto02,12/19/1935,Central Alava ,Cuba,,,,Tony,Taylor,179,69,R,R,4/15/1958,9/29/1976
schmibo02,4/22/1933,St. Louis MO,USA,,,,Bob,Schmidt,205,74,R,R,4/16/1958,6/9/1965
grantmu01,8/13/1935,Lacoochee FL,USA,,,,Mudcat,Grant,186,73,R,R,4/17/1958,9/29/1971
perezge01,12/29/1937,San Fernando CA,USA,,,,George,Perez,200,,R,R,4/17/1958,5/6/1958
sherrla01,7/25/1935,Los Angeles CA,USA,12/17/2006,Mission Viejo CA,USA,Larry,Sherry,204,74,R,R,4/17/1958,7/7/1968
mabebo01,10/8/1929,Danville VA,USA,1/9/2005,Danville VA,USA,Bob,Mabe,165,71,R,R,4/18/1958,5/5/1960
rodrifr01,4/29/1924,Havana ,Cuba,,,,Freddy,Rodriguez,180,72,R,R,4/18/1958,5/27/1959
alvaros01,10/19/1933,Matanzas ,Cuba,,,,Ossie,Alvarez,165,70,R,R,4/19/1958,4/26/1959
fodgege01,7/9/1931,South Bend IN,USA,,,,Gene,Fodge,175,72,R,R,4/20/1958,7/21/1958
schroal01,3/22/1932,New Orleans LA,USA,11/30/1999,Alexandria VA,USA,Al,Schroll,210,74,R,R,4/20/1958,10/1/1961
thackmo01,5/21/1934,Louisville KY,USA,11/13/1997,Louisville KY,USA,Moe,Thacker,210,75,R,R,4/20/1958,7/14/1963
smithbo05,5/13/1927,Clarence MO,USA,6/23/2003,Clarence MO,USA,Bob,Smith,185,72,L,L,4/22/1958,9/27/1959
taussdo01,2/19/1932,New York NY,USA,,,,Don,Taussig,180,72,R,R,4/23/1958,8/11/1962
testani01,6/29/1928,New York NY,USA,,,,Nick,Testa,180,68,R,R,4/23/1958,4/23/1958
taylosa02,2/27/1933,Woodruff SC,USA,,,,Sammy,Taylor,185,74,L,R,4/27/1958,8/6/1963
valenbe01,6/2/1933,Los Mochis 25,Mexico,,,,Benny,Valenzuela,175,70,R,R,4/27/1958,9/24/1958
brickfr02,3/19/1935,Wichita KS,USA,10/15/1965,Wichita KS,USA,Fritz,Brickell,157,,R,R,4/30/1958,5/15/1961
willeca01,6/6/1931,Cherryfield ME,USA,,,,Carl,Willey,175,72,R,R,4/30/1958,9/25/1965
willist02,9/14/1936,Enfield NH,USA,,,,Stan,Williams,230,77,R,R,5/17/1958,8/1/1972
wilsobo01,2/22/1925,Dallas TX,USA,4/23/1985,Dallas TX,USA,Bob,Wilson,197,71,R,R,5/17/1958,5/18/1958
bellga01,11/17/1936,San Antonio TX,USA,,,,Gary,Bell,198,73,R,R,6/1/1958,9/12/1969
aloufe01,5/12/1935,Haina ,D.R.,,,,Felipe,Alou,195,72,R,R,6/8/1958,4/24/1974
cashno01,11/10/1934,Justiceburg TX,USA,10/12/1986,Beaver Island MI,USA,Norm,Cash,190,72,L,L,6/18/1958,8/6/1974
giallbo01,5/20/1937,Brooklyn NY,USA,,,,Bob,Giallombardo,175,72,L,L,6/21/1958,7/27/1958
ellswdi01,3/22/1940,Lusk WY,USA,,,,Dick,Ellsworth,195,76,L,L,6/22/1958,6/23/1971
johnsfo01,2/15/1932,Dayton OH,USA,,,,Footer,Johnson,175,71,L,L,6/22/1958,7/30/1958
wagnele01,5/13/1934,Chattanooga TN,USA,1/3/2004,Los Angeles CA,USA,Leon,Wagner,195,73,L,R,6/22/1958,10/2/1969
haydele01,4/14/1935,San Francisco CA,USA,6/13/2003,Lodi CA,USA,Lefty,Hayden,175,74,L,L,6/26/1958,7/6/1958
monroza01,7/8/1931,Peoria IL,USA,,,,Zach,Monroe,198,72,R,R,6/27/1958,5/3/1959
amaroru01,1/6/1936,Veracruz 30,Mexico,,,,Ruben,Amaro,170,71,R,R,6/29/1958,9/28/1969
wilsodu01,6/29/1934,Wichita KS,USA,,,,Duane,Wilson,185,73,L,L,7/3/1958,7/12/1958
stuardi01,11/7/1932,San Francisco CA,USA,12/15/2002,Redwood City CA,USA,Dick,Stuart,212,76,R,R,7/10/1958,5/27/1969
morejda01,7/21/1930,Havana ,Cuba,,,,Danny,Morejon,175,73,R,R,7/11/1958,8/3/1958
shipljo01,5/9/1935,Morristown TN,USA,,,,Joe,Shipley,210,76,R,R,7/14/1958,7/23/1963
solisma01,7/19/1930,Real de Catorce 24,Mexico,6/15/2001,Monterrey 19,Mexico,Marcelino,Solis,185,73,L,L,7/16/1958,9/13/1958
albanjo01,6/26/1933,New York NY,USA,6/17/2000,New York NY,USA,Joe,Albanese,215,75,R,R,7/18/1958,9/9/1958
monbobi01,8/11/1936,Medford MA,USA,,,,Bill,Monbouquette,195,71,R,R,7/18/1958,9/3/1968
bowsfte01,1/10/1935,Vernon BC,CAN,,,,Ted,Bowsfield,190,73,R,L,7/20/1958,10/4/1964
jackslo01,7/26/1935,Riverton LA,USA,5/27/1969,Tokyo ,Japan,Lou,Jackson,168,70,L,R,7/23/1958,5/11/1964
davisbo01,9/11/1933,New York NY,USA,12/22/2001,New York NY,USA,Bob,Davis,170,72,R,R,7/26/1958,10/1/1960
vealco01,7/9/1932,Sandersville GA,USA,,,,Coot,Veal,165,73,R,R,7/30/1958,6/20/1963
brighha01,9/22/1929,Kansas City MO,USA,3/13/2000,Sacramento CA,USA,Harry,Bright,190,72,R,R,8/7/1958,6/30/1965
koppejo01,10/19/1930,Detroit MI,USA,9/27/2006,Ann Arbor MI,USA,Joe,Koppe,165,70,R,R,8/9/1958,9/11/1965
anderjo02,11/23/1932,St. Paul MN,USA,,,,John,Anderson,190,73,R,R,8/17/1958,6/23/1962
chittne01,3/25/1933,Harrisonburg VA,USA,,,,Nelson,Chittum,180,73,R,R,8/17/1958,5/4/1960
lillibo01,6/2/1930,Altadena CA,USA,,,,Bob,Lillis,160,71,R,R,8/17/1958,9/17/1967
penaor01,11/17/1933,Victoria De Las Tunas ,Cuba,,,,Orlando,Pena,154,71,R,R,8/24/1958,5/1/1975
erickdo01,12/13/1931,Springfield IL,USA,,,,Don,Erickson,175,72,R,R,9/1/1958,9/19/1958
oertech01,3/12/1931,Coffeyville KS,USA,10/4/2000,Royal Oak MI,USA,Chuck,Oertel,165,68,L,R,9/1/1958,9/26/1958
adairje01,12/17/1936,Sand Springs OK,USA,5/31/1987,Tulsa OK,USA,Jerry,Adair,175,72,R,R,9/2/1958,5/3/1970
jamesjo01,7/23/1933,Bonners Ferry ID,USA,,,,Johnny,James,160,70,L,R,9/6/1958,10/1/1961
burkele02,5/6/1934,Hagerstown MD,USA,,,,Leo,Burke,190,70,R,R,9/7/1958,5/26/1965
callijo01,3/12/1939,Qualls OK,USA,10/12/2006,Abington PA,USA,Johnny,Callison,175,70,L,R,9/9/1958,8/17/1973
fairlro01,7/12/1938,Macon GA,USA,,,,Ron,Fairly,181,70,L,L,9/9/1958,9/23/1978
grabero01,6/20/1930,Massillon OH,USA,,,,Rod,Graber,175,71,L,L,9/9/1958,9/24/1958
milesdo01,3/13/1936,Indianapolis IN,USA,,,,Don,Miles,210,73,L,R,9/9/1958,9/20/1958
tasbywi01,1/8/1933,Shreveport LA,USA,,,,Willie,Tasby,175,71,R,R,9/9/1958,9/2/1963
buzhajo01,8/17/1936,Prosperity SC,USA,,,,John,Buzhardt,198,74,R,R,9/10/1958,9/29/1968
howarfr01,8/8/1936,Columbus OH,USA,,,,Frank,Howard,255,79,R,R,9/10/1958,9/30/1973
robinea01,11/3/1936,New Orleans LA,USA,,,,Earl,Robinson,190,73,R,R,9/10/1958,9/30/1964
alusige01,2/11/1935,Ashley PA,USA,,,,George,Alusik,175,,R,R,9/11/1958,10/2/1964
cokerji01,3/28/1936,Holly Hill SC,USA,10/29/1991,Throckmorton TX,USA,Jimmie,Coker,195,71,R,R,9/11/1958,9/12/1967
conlebo01,2/1/1934,Mousie KY,USA,,,,Bob,Conley,188,73,R,R,9/11/1958,9/16/1958
masonha01,6/19/1931,Marshall MO,USA,,,,Hank,Mason,185,72,R,R,9/12/1958,4/24/1960
romanjo01,8/23/1934,Hoboken NJ,USA,,,,Johnny,Romano,205,71,R,R,9/12/1958,9/4/1967
tatele01,3/18/1932,Black Rock AR,USA,,,,Lee,Tate,165,70,R,R,9/12/1958,7/3/1959
willido01,9/14/1931,Floyd VA,USA,,,,Don,Williams,180,74,R,R,9/12/1958,8/23/1962
felleja01,12/10/1936,Adrian MI,USA,,,,Jack,Feller,185,,R,R,9/13/1958,9/13/1958
johnske02,6/16/1933,West Palm Beach FL,USA,,,,Ken,Johnson,210,76,R,R,9/13/1958,4/18/1970
maurira01,8/25/1934,Brooklyn NY,USA,,,,Ralph,Mauriello,195,75,R,R,9/13/1958,9/27/1958
reedho01,12/21/1936,Dallas TX,USA,12/7/1984,Corpus Christi TX,USA,Howie,Reed,210,73,R,R,9/13/1958,9/17/1971
smithbi04,6/8/1934,Washington DC,USA,3/30/1997,Clinton MD,USA,Bill,Smith,190,72,L,L,9/13/1958,9/28/1962
casalje01,9/27/1933,Brooklyn NY,USA,,,,Jerry,Casale,200,74,R,R,9/14/1958,7/22/1962
hadleke01,12/17/1934,Pocatello ID,USA,3/10/2005,Pocatello ID,USA,Kent,Hadley,190,75,L,L,9/14/1958,8/21/1960
allisbo01,7/11/1934,Raytown MO,USA,4/9/1995,Rio Verde AZ,USA,Bob,Allison,220,76,R,R,9/16/1958,9/29/1970
gablega01,8/4/1930,St. Louis MO,USA,,,,Gabe,Gabler,190,73,L,R,9/16/1958,9/21/1958
burtoel01,8/12/1936,Los Angeles CA,USA,,,,Ellis,Burton,165,71,B,R,9/18/1958,9/4/1965
colesch01,6/27/1931,Fredericktown PA,USA,1/25/1996,Myrtle Beach SC,USA,Chuck,Coles,180,69,L,L,9/19/1958,9/28/1958
mcanaji01,9/4/1936,Los Angeles CA,USA,,,,Jim,McAnany,196,70,R,R,9/19/1958,8/25/1962
schaijo01,2/25/1934,Springfield IL,USA,,,,Johnny,Schaive,175,68,R,R,9/19/1958,4/19/1963
troskha02,9/29/1936,Cleveland OH,USA,,,,Hal,Trosky,205,75,R,R,9/25/1958,9/28/1958
otoolji01,1/10/1937,Chicago IL,USA,,,,Jim,O'Toole,198,72,B,L,9/26/1958,7/22/1967
klimclo01,10/15/1939,Hostetter PA,USA,,,,Lou,Klimchock,180,71,L,R,9/27/1958,8/2/1970
wieante01,4/4/1933,Walnutport PA,USA,,,,Ted,Wieand,195,74,R,R,9/27/1958,4/24/1960
fitzgjo03,9/15/1933,Brooklyn NY,USA,,,,John,Fitzgerald,190,75,L,L,9/28/1958,9/28/1958
lindsch02,9/7/1936,Chicago IL,USA,,,,Chuck,Lindstrom,175,71,R,R,9/28/1958,9/28/1958
zannido01,3/1/1932,Bronx NY,USA,,,,Dom,Zanni,180,71,R,R,9/28/1958,10/1/1966
andersp01,2/22/1934,Bridgewater SD,USA,,,,Sparky,Anderson,170,69,R,R,4/10/1959,9/27/1959
ariasru01,6/6/1931,Las Villas ,Cuba,,,,Rudy,Arias,165,70,L,L,4/10/1959,8/26/1959
blaylga01,10/11/1931,Clarkton MO,USA,,,,Gary,Blaylock,196,72,R,R,4/10/1959,9/27/1959
altmage01,3/20/1933,Goldsboro NC,USA,,,,George,Altman,200,76,L,R,4/11/1959,10/1/1967
baxesji01,7/5/1928,San Francisco CA,USA,11/14/1996,Garden Grove CA,USA,Jim,Baxes,190,73,R,R,4/11/1959,9/26/1959
brogler01,8/27/1935,Berkeley CA,USA,,,,Ernie,Broglio,200,74,R,R,4/11/1959,7/2/1966
nunnho01,10/18/1935,Westfield NC,USA,,,,Howie,Nunn,173,72,R,R,4/11/1959,6/7/1962
sherrno01,7/16/1931,New York NY,USA,,,,Norm,Sherry,181,71,R,R,4/12/1959,9/26/1963
davieje01,2/10/1933,Detroit MI,USA,,,,Jerry,Davie,180,72,R,R,4/14/1959,6/9/1959
fisheja01,3/4/1939,Frostburg MD,USA,,,,Jack,Fisher,215,74,R,R,4/14/1959,9/26/1969
morgajo01,11/19/1930,Walpole MA,USA,,,,Joe,Morgan,170,70,L,R,4/14/1959,10/3/1964
gibsobo01,11/9/1935,Omaha NE,USA,,,,Bob,Gibson,195,73,R,R,4/15/1959,9/3/1975
greenfr01,9/14/1933,Titusville NJ,USA,12/22/1996,Titusville NJ,USA,Fred,Green,190,76,R,L,4/15/1959,6/14/1964
kralija01,6/1/1935,Youngstown OH,USA,,,,Jack,Kralick,180,74,L,L,4/15/1959,4/23/1967
raymocl01,5/7/1937,St. Jean PQ,CAN,,,,Claude,Raymond,175,70,R,R,4/15/1959,9/25/1971
schafjo01,8/6/1937,Trenton NJ,USA,,,,Joe,Schaffernoth,195,,R,R,4/15/1959,9/30/1961
cottich01,1/8/1936,Delta CO,USA,,,,Chuck,Cottier,175,,R,R,4/17/1959,5/9/1969
webstra01,11/15/1937,Grass Valley CA,USA,,,,Ray,Webster,175,72,R,R,4/17/1959,5/15/1960
cuellmi01,5/8/1937,Santa Clara ,Cuba,,,,Mike,Cuellar,175,71,L,L,4/18/1959,5/3/1977
freemma01,12/7/1930,Memphis TN,USA,2/21/2006,Rancho Mirage CA,USA,Mark,Freeman,220,78,R,R,4/18/1959,9/19/1960
giggibo01,8/13/1933,Dorchester MA,USA,,,,Bob,Giggie,200,73,R,R,4/18/1959,7/24/1962
snyderu01,6/22/1934,Oak NE,USA,,,,Russ,Snyder,190,73,L,R,4/18/1959,9/30/1970
shortch02,9/19/1937,Milford DE,USA,8/1/1991,Wilmington DE,USA,Chris,Short,205,76,R,L,4/19/1959,9/18/1973
stockwe01,4/10/1934,Longview WA,USA,,,,Wes,Stock,188,74,R,R,4/19/1959,5/7/1967
leekge01,7/15/1936,San Diego CA,USA,,,,Gene,Leek,185,72,R,R,4/22/1959,9/30/1962
perryji01,10/30/1935,Williamston NC,USA,,,,Jim,Perry,200,76,B,R,4/23/1959,8/5/1975
dillado01,1/8/1937,Greenville SC,USA,,,,Don,Dillard,200,73,L,R,4/24/1959,9/27/1965
eaddydo01,2/16/1934,Grand Rapids MI,USA,,,,Don,Eaddy,165,71,R,R,4/24/1959,9/25/1959
hartmbo01,8/28/1937,Kenosha WI,USA,,,,Bob,Hartman,185,71,R,L,4/26/1959,7/18/1962
snydege02,3/31/1931,York PA,USA,6/2/1996,York PA,USA,Gene,Snyder,175,71,R,L,4/26/1959,7/14/1959
mccarro01,8/29/1932,Gorsuch Mills MD,USA,11/13/1996,Perry Point MD,USA,Roger,McCardell,200,72,R,R,5/8/1959,6/8/1959
willste01,2/9/1934,Fresno CA,USA,,,,Ted,Wills,200,74,L,L,5/24/1959,6/12/1965
chrisjo01,12/13/1935,Frederiksted ,V.I.,,,,Joe,Christopher,176,70,R,R,5/26/1959,6/9/1966
jacksal01,12/25/1935,Waco TX,USA,,,,Al,Jackson,169,70,L,L,6/1/1959,9/26/1969
olivege01,3/22/1935,Moline IL,USA,3/3/2007,Rock Island IL,USA,Gene,Oliver,225,74,R,R,6/6/1959,8/24/1969
willsma01,10/2/1932,Washington DC,USA,,,,Maury,Wills,170,71,B,R,6/6/1959,10/4/1972
bronsji01,6/22/1936,Fort Worth TX,USA,,,,Jim,Bronstad,196,75,R,R,6/7/1959,10/4/1964
rickedi01,12/4/1933,Pottstown PA,USA,3/6/1988,Rochester NY,USA,Dick,Ricketts,215,79,L,R,6/14/1959,7/27/1959
orourch01,6/22/1937,Walla Walla WA,USA,,,,Charlie,O'Rourke,195,74,R,R,6/16/1959,6/16/1959
bridgma01,6/2/1931,Jackson MS,USA,9/3/1990,Jackson MS,USA,Marshall,Bridges,180,73,B,L,6/17/1959,9/25/1965
lockebo01,3/3/1934,Rowes Run PA,USA,,,,Bobby,Locke,185,71,R,R,6/18/1959,9/29/1968
fisheed02,7/16/1936,Shreveport LA,USA,,,,Eddie,Fisher,200,,R,R,6/22/1959,9/19/1973
shannwa02,1/23/1933,Cleveland OH,USA,2/8/1992,Creve Coeur MO,USA,Wally,Shannon,178,72,L,R,7/9/1959,5/26/1960
grbael01,8/9/1934,Chicago IL,USA,,,,Eli,Grba,207,74,R,R,7/10/1959,8/4/1963
mayele01,12/11/1934,Tuscaloosa AL,USA,7/17/2002,Riverside CA,USA,Lee,Maye,190,74,L,R,7/17/1959,6/29/1971
greenpu01,10/27/1933,Oakland CA,USA,,,,Pumpsie,Green,175,72,B,R,7/21/1959,9/26/1963
shetrba01,7/6/1938,Baltimore MD,USA,7/18/2001,Bowie MD,USA,Barry,Shetrone,190,74,L,R,7/27/1959,6/7/1963
mahonji01,5/26/1934,Englewood NJ,USA,,,,Jim,Mahoney,175,72,R,R,7/28/1959,6/14/1965
wilsoea01,10/2/1934,Ponchatoula LA,USA,4/23/2005,Southfield MI,USA,Earl,Wilson,216,75,R,R,7/28/1959,9/22/1970
demetst01,1/27/1935,Homer City PA,USA,,,,Steve,Demeter,185,,R,R,7/29/1959,5/6/1960
mccovwi01,1/10/1938,Mobile AL,USA,,,,Willie,McCovey,210,76,L,L,7/30/1959,7/6/1980
donneed02,12/10/1934,Allen MI,USA,12/25/1997,Houston TX,USA,Ed,Donnelly,175,72,R,R,8/1/1959,9/20/1959
versazo01,12/18/1939,Veldado ,Cuba,6/9/1995,Bloomington MN,USA,Zoilo,Versalles,150,70,R,R,8/1/1959,9/28/1971
kaatji01,11/7/1938,Zeeland MI,USA,,,,Jim,Kaat,217,76,L,L,8/2/1959,7/1/1983
mcbrike01,8/12/1935,Huntsville AL,USA,,,,Ken,McBride,195,72,R,R,8/4/1959,8/15/1965
paganjo01,5/5/1935,Barceloneta ,P.R.,,,,Jose,Pagan,165,69,R,R,8/4/1959,8/15/1973
willibi01,6/15/1938,Whistler AL,USA,,,,Billy,Williams,175,73,L,R,8/6/1959,10/2/1976
dulibbo01,1/9/1935,Glen Lyon PA,USA,,,,Bob,Duliba,185,70,R,R,8/11/1959,5/9/1967
shoopro01,9/19/1931,Rural Valley PA,USA,3/14/2003,Rural Valley PA,USA,Ron,Shoop,180,71,R,R,8/22/1959,9/27/1959
keegaed01,7/8/1939,Camden NJ,USA,,,,Ed,Keegan,165,75,R,R,8/24/1959,4/29/1962
stankjo01,7/23/1931,Hammon OK,USA,,,,Joe,Stanka,201,77,R,R,9/2/1959,9/5/1959
johnsbe01,5/16/1931,Greenwood SC,USA,,,,Ben,Johnson,190,74,R,R,9/6/1959,6/12/1960
killeev01,2/27/1936,Brooklyn NY,USA,,,,Evans,Killeen,190,72,R,R,9/7/1959,9/25/1959
valenfr01,1/19/1935,Clarksdale MS,USA,,,,Fred,Valentine,190,73,B,R,9/7/1959,9/24/1968
cookcl01,8/20/1936,Dallas TX,USA,,,,Cliff,Cook,188,72,R,R,9/9/1959,7/10/1963
dobbeda01,12/6/1934,Ontonagon MI,USA,,,,Dan,Dobbek,195,72,L,R,9/9/1959,10/1/1961
gilbebu01,7/26/1935,Knoxville TN,USA,,,,Buddy,Gilbert,195,75,L,R,9/9/1959,9/27/1959
baileji01,12/16/1934,Strawberry Plains TN,USA,,,,Jim,Bailey,210,,B,L,9/10/1959,9/20/1959
carmedu01,4/23/1937,New York NY,USA,,,,Duke,Carmel,202,75,L,L,9/10/1959,5/2/1965
huntke01,7/13/1934,Grand Forks ND,USA,6/8/1997,,,Ken,Hunt,205,73,R,R,9/10/1959,10/4/1964
martijc01,12/13/1936,Axton VA,USA,,,,J.C.,Martin,200,74,L,R,9/10/1959,8/12/1972
mccarti01,10/16/1941,Memphis TN,USA,,,,Tim,McCarver,195,73,L,R,9/10/1959,10/5/1980
peterga01,4/21/1937,Grove City PA,USA,,,,Gary,Peters,200,74,L,L,9/10/1959,9/23/1972
windhgo01,12/19/1933,Watseka IL,USA,,,,Gordie,Windhorn,185,73,R,R,9/10/1959,7/20/1962
saverbo01,6/2/1941,Norwalk CT,USA,,,,Bob,Saverine,165,69,B,R,9/12/1959,10/1/1967
hugheto05,9/13/1934,Ancon Ca,Panama,,,,Tom,Hughes,180,74,L,R,9/13/1959,9/21/1959
brucebo01,5/16/1933,Detroit MI,USA,,,,Bob,Bruce,210,75,R,R,9/14/1959,6/24/1967
proctji01,9/9/1935,Brandywine MD,USA,,,,Jim,Proctor,165,72,R,R,9/14/1959,9/26/1959
spangal01,7/8/1933,Philadelphia PA,USA,,,,Al,Spangler,175,72,L,L,9/16/1959,9/12/1971
gablega02,10/2/1930,Kansas City MO,USA,,,,John,Gabler,165,74,B,R,9/18/1959,9/17/1961
hicksjo01,4/7/1933,Ivy VA,USA,,,,Joe,Hicks,180,72,L,R,9/18/1959,9/29/1963
colemgo01,7/5/1934,Rockville MD,USA,3/12/1994,Cincinnati OH,USA,Gordy,Coleman,218,74,L,R,9/19/1959,5/3/1967
kutynma01,11/14/1932,Philadelphia PA,USA,,,,Marty,Kutyna,190,72,R,R,9/19/1959,9/22/1962
malleje01,9/18/1935,Bonne Terre MO,USA,,,,Jerry,Mallett,208,77,R,R,9/19/1959,9/27/1959
davisto02,3/21/1939,Brooklyn NY,USA,,,,Tommy,Davis,205,74,R,R,9/22/1959,10/2/1976
giledo01,4/19/1935,Modesto CA,USA,,,,Don,Gile,220,78,R,R,9/25/1959,9/30/1962
strikja01,10/23/1933,New Washington OH,USA,,,,Jake,Striker,200,74,L,L,9/25/1959,4/24/1960
umbriji01,9/17/1930,Chicago IL,USA,4/8/1964,Houston TX,USA,Jim,Umbricht,215,76,R,R,9/26/1959,9/29/1963
carreca01,8/6/1937,Colton CA,USA,9/2/1987,Tucson AZ,USA,Cam,Carreon,198,72,R,R,9/27/1959,6/8/1966
mcavoto01,8/12/1936,Brooklyn NY,USA,,,,Tom,McAvoy,200,75,L,L,9/27/1959,9/27/1959
renfrma01,5/25/1936,Century FL,USA,12/10/1970,Pensacola FL,USA,Marshall,Renfroe,180,72,L,L,9/27/1959,9/27/1959
